,recall@50,recall@100,recall@500,recall@1000,recall@5000,recall@10000,recall@100000,HLA,hit@50,hit@100,hit@500,hit@1000,hit@5000,hit@10000,hit@100000,pos_num
0,0.010634257500949488,0.0189897455374098,0.05507026205848842,0.08317508545385492,0.24724648689707557,0.4139764527155336,0.947588302316749,HLA-G*01:01,28,50,145,219,651,1090,2495,2633
