,recall@50,recall@100,recall@500,recall@1000,recall@5000,recall@10000,recall@100000,HLA,hit@50,hit@100,hit@500,hit@1000,hit@5000,hit@10000,hit@100000,pos_num
0,0.012153437143942271,0.020508925180402583,0.06988226357766807,0.11697683251044436,0.40372199012533233,0.6000759589821496,0.982529434105583,HLA-G*01:01,32,54,184,308,1063,1580,2587,2633
