,recall@50,recall@100,recall@500,recall@1000,recall@5000,recall@10000,recall@100000,HLA,hit@50,hit@100,hit@500,hit@1000,hit@5000,hit@10000,hit@100000,pos_num
0,0.0094948727687049,0.016710976072920623,0.0660843144701861,0.11697683251044436,0.43904291682491453,0.6202050892518041,0.9642992783896696,HLA-G*01:01,25,44,174,308,1156,1633,2539,2633
