,recall@50,recall@100,recall@500,recall@1000,recall@5000,recall@10000,recall@100000,HLA,hit@50,hit@100,hit@500,hit@1000,hit@5000,hit@10000,hit@100000,pos_num
0,0.0,0.0,0.0,0.0,0.0,0.0,1.0,HLA-G*01:01,0,0,0,0,0,0,1,1
1,0.3333333333333333,0.6666666666666666,0.6666666666666666,0.6666666666666666,0.6666666666666666,0.6666666666666666,1.0,HLA-G*01:03,2,4,4,4,4,4,6,6
2,1.0,1.0,1.0,1.0,1.0,1.0,1.0,HLA-G*01:04,2,2,2,2,2,2,2,2
3,0.75,0.75,0.75,0.75,1.0,1.0,1.0,HLA-E*01:01,3,3,3,3,4,4,4,4
4,0.16666666666666666,0.3333333333333333,0.5833333333333334,0.5833333333333334,0.75,0.8333333333333334,1.0,HLA-E*01:03,2,4,7,7,9,10,12,12
