,recall@50,recall@100,recall@500,recall@1000,recall@5000,recall@10000,recall@100000,HLA,hit@50,hit@100,hit@500,hit@1000,hit@5000,hit@10000,hit@100000,pos_num
0,0.20833333333333334,0.2916666666666667,0.4270833333333333,0.46875,0.6458333333333334,0.75,0.96875,HLA-G*01:01,20,28,41,45,62,72,93,96
1,0.3,0.35,0.55,0.65,0.75,0.8,0.95,HLA-G*01:03,6,7,11,13,15,16,19,20
2,0.23809523809523808,0.2857142857142857,0.38095238095238093,0.5238095238095238,0.7142857142857143,0.7619047619047619,1.0,HLA-G*01:04,5,6,8,11,15,16,21,21
3,0.5,0.75,1.0,1.0,1.0,1.0,1.0,HLA-E*01:01,2,3,4,4,4,4,4,4
4,0.13636363636363635,0.25,0.5681818181818182,0.7045454545454546,0.8409090909090909,0.9090909090909091,1.0,HLA-E*01:03,6,11,25,31,37,40,44,44
