,recall@50,recall@100,recall@500,recall@1000,recall@5000,recall@10000,recall@100000,HLA,hit@50,hit@100,hit@500,hit@1000,hit@5000,hit@10000,hit@100000,pos_num
0,0.4166666666666667,0.5833333333333334,0.5833333333333334,0.5833333333333334,0.75,0.8333333333333334,0.9166666666666666,HLA-G*01:01,5,7,7,7,9,10,11,12
1,0.42857142857142855,0.42857142857142855,0.42857142857142855,0.42857142857142855,0.7142857142857143,0.8571428571428571,1.0,HLA-G*01:03,3,3,3,3,5,6,7,7
2,0.5,0.5,0.6666666666666666,0.6666666666666666,0.8333333333333334,1.0,1.0,HLA-G*01:04,3,3,4,4,5,6,6,6
3,1.0,1.0,1.0,1.0,1.0,1.0,1.0,HLA-E*01:01,2,2,2,2,2,2,2,2
4,0.4166666666666667,0.5,0.5833333333333334,0.5833333333333334,0.6666666666666666,0.75,0.8333333333333334,HLA-E*01:03,5,6,7,7,8,9,10,12
