,recall@50,recall@100,recall@500,recall@1000,recall@5000,recall@10000,recall@100000,HLA,hit@50,hit@100,hit@500,hit@1000,hit@5000,hit@10000,hit@100000,pos_num
0,0.0625,0.1875,0.3125,0.3125,0.5,0.6875,1.0,HLA-G*01:01,1,3,5,5,8,11,16,16
1,0.21428571428571427,0.21428571428571427,0.2857142857142857,0.2857142857142857,0.35714285714285715,0.5,0.9285714285714286,HLA-G*01:03,3,3,4,4,5,7,13,14
2,0.14285714285714285,0.14285714285714285,0.2857142857142857,0.2857142857142857,0.42857142857142855,0.6428571428571429,0.9285714285714286,HLA-G*01:04,2,2,4,4,6,9,13,14
3,0.0,1.0,1.0,1.0,1.0,1.0,1.0,HLA-E*01:01,0,1,1,1,1,1,1,1
4,0.3888888888888889,0.5555555555555556,0.7222222222222222,0.8333333333333334,0.8888888888888888,0.9444444444444444,1.0,HLA-E*01:03,7,10,13,15,16,17,18,18
