,recall@50,recall@100,recall@500,recall@1000,recall@5000,recall@10000,recall@100000,HLA,hit@50,hit@100,hit@500,hit@1000,hit@5000,hit@10000,hit@100000,pos_num
0,0.01785076758300607,0.03570153516601214,0.17386647625847912,0.32988218493395216,0.8539807211710103,0.947161727954302,0.9928596929667975,HLA-A*33:03,50,100,487,924,2392,2653,2781,2801
