,recall@50,recall@100,recall@500,recall@1000,recall@5000,recall@10000,recall@100000,HLA,hit@50,hit@100,hit@500,hit@1000,hit@5000,hit@10000,hit@100000,pos_num
0,0.015379883112888341,0.030759766225776683,0.15349123346662566,0.30482928329744696,0.9470932020916641,0.9870808981851737,0.9978468163641956,HLA-B*42:01,50,100,499,991,3079,3209,3244,3251
