,recall@50,recall@100,recall@500,recall@1000,recall@5000,recall@10000,recall@100000,HLA,hit@50,hit@100,hit@500,hit@1000,hit@5000,hit@10000,hit@100000,pos_num
0,0.019004180919802355,0.037628278221208664,0.18852147472443936,0.3603192702394527,0.9376662865830483,0.9874572405929305,0.9988597491448119,HLA-A*11:02,50,99,496,948,2467,2598,2628,2631
