,recall@50,recall@100,recall@500,recall@1000,recall@5000,recall@10000,recall@100000,HLA,hit@50,hit@100,hit@500,hit@1000,hit@5000,hit@10000,hit@100000,pos_num
0,0.015037593984962405,0.03007518796992481,0.14616541353383458,0.2724812030075188,0.7849624060150376,0.9606015037593985,0.9900751879699248,HLA-A*34:02,50,100,486,906,2610,3194,3292,3325
