,recall@50,recall@100,recall@500,recall@1000,recall@5000,recall@10000,recall@100000,HLA,hit@50,hit@100,hit@500,hit@1000,hit@5000,hit@10000,hit@100000,pos_num
0,0.01384189,0.02829898,0.13657336,0.26145801,0.7766841,0.91233467,0.98092894,HLA-B*42:01,45,92,444,850,2525,2966,3189,3251