,recall@50,recall@100,recall@500,recall@1000,recall@5000,recall@10000,recall@100000,HLA,hit@50,hit@100,hit@500,hit@1000,hit@5000,hit@10000,hit@100000,pos_num
0,0.015379883112888341,0.030759766225776683,0.14918486619501692,0.28821900953552754,0.8708089818517379,0.9593971085819748,0.9966164257151645,HLA-B*42:01,50,100,485,937,2831,3119,3240,3251
