,recall@50,recall@100,recall@500,recall@1000,recall@5000,recall@10000,recall@100000,HLA,hit@50,hit@100,hit@500,hit@1000,hit@5000,hit@10000,hit@100000,pos_num
0,0.01414949,0.02799139,0.13872655,0.27406952,0.88249769,0.97016303,0.99630883,HLA-B*42:01,46,91,451,891,2869,3154,3239,3251