,recall@50,recall@100,recall@500,recall@1000,recall@5000,recall@10000,recall@100000,HLA,hit@50,hit@100,hit@500,hit@1000,hit@5000,hit@10000,hit@100000,pos_num
0,0.0132267,0.02522301,0.12027069,0.22270071,0.74776992,0.89972316,0.98000615,HLA-B*42:01,43,82,391,724,2431,2925,3186,3251