,recall@50,recall@100,recall@500,recall@1000,recall@5000,recall@10000,recall@100000,HLA,hit@50,hit@100,hit@500,hit@1000,hit@5000,hit@10000,hit@100000,pos_num
0,0.01507229,0.02952938,0.14057213,0.25376807,0.7499231,0.894494,0.98585051,HLA-B*42:01,49,96,457,825,2438,2908,3205,3251