,recall@50,recall@100,recall@500,recall@1000,recall@5000,recall@10000,recall@100000,HLA,hit@50,hit@100,hit@500,hit@1000,hit@5000,hit@10000,hit@100000,pos_num
0,0.058333333333333334,0.10416666666666667,0.25833333333333336,0.3416666666666667,0.5583333333333333,0.7291666666666666,0.9625,HLA-G*01:01,14,25,62,82,134,175,231,240
1,0.10204081632653061,0.16326530612244897,0.2653061224489796,0.2857142857142857,0.4897959183673469,0.6530612244897959,0.9387755102040817,HLA-G*01:03,5,8,13,14,24,32,46,49
2,0.14864864864864866,0.16216216216216217,0.24324324324324326,0.2972972972972973,0.5135135135135135,0.6891891891891891,0.9594594594594594,HLA-G*01:04,11,12,18,22,38,51,71,74
3,0.0,0.0,0.0,0.0,0.0,0.0,0.0,HLA-E*01:01,0,0,0,0,0,0,0,0
4,0.02197802197802198,0.06593406593406594,0.31868131868131866,0.45054945054945056,0.7252747252747253,0.8021978021978022,0.978021978021978,HLA-E*01:03,2,6,29,41,66,73,89,91
