,recall@50,recall@100,recall@500,recall@1000,recall@5000,recall@10000,recall@100000,HLA,hit@50,hit@100,hit@500,hit@1000,hit@5000,hit@10000,hit@100000,pos_num
0,0.07911392405063292,0.15822784810126583,0.5506329113924051,0.6376582278481012,0.7689873417721519,0.8243670886075949,0.9636075949367089,HLA-E*01:03,50,100,348,403,486,521,609,632
