,recall@50,recall@100,recall@500,recall@1000,recall@5000,recall@10000,recall@100000,HLA,hit@50,hit@100,hit@500,hit@1000,hit@5000,hit@10000,hit@100000,pos_num
0,0.01860995,0.0372199,0.15533612,0.24230915,0.55070262,0.7086973,0.8883403,HLA-G*01:01,49,98,409,638,1450,1866,2339,2633