,recall@50,recall@100,recall@500,recall@1000,recall@5000,recall@10000,recall@100000,HLA,hit@50,hit@100,hit@500,hit@1000,hit@5000,hit@10000,hit@100000,pos_num
0,0.0186099506266616,0.03684010634257501,0.15039878465628562,0.23775161412837068,0.44473984048613746,0.49373338397265476,0.7911127990884922,HLA-G*01:01,49,97,396,626,1171,1300,2083,2633
