,recall@50,recall@100,recall@500,recall@1000,recall@5000,recall@10000,recall@100000,HLA,hit@50,hit@100,hit@500,hit@1000,hit@5000,hit@10000,hit@100000,pos_num
0,0.0189897455374098,0.03646031143182681,0.14356247626281807,0.22180022787694645,0.5355108241549563,0.7128750474743638,0.9863273832130649,HLA-G*01:01,50,96,378,584,1410,1877,2597,2633
