,recall@50,recall@100,recall@500,recall@1000,recall@5000,recall@10000,recall@100000,HLA,hit@50,hit@100,hit@500,hit@1000,hit@5000,hit@10000,hit@100000,pos_num
0,0.0759493670886076,0.1550632911392405,0.5253164556962026,0.6360759493670886,0.8354430379746836,0.8924050632911392,0.9889240506329114,HLA-E*01:03,48,98,332,402,528,564,625,632
