,recall@50,recall@100,recall@500,recall@1000,recall@5000,recall@10000,recall@100000,HLA,hit@50,hit@100,hit@500,hit@1000,hit@5000,hit@10000,hit@100000,pos_num
0,0.07911392405063292,0.15822784810126583,0.5015822784810127,0.5901898734177216,0.7784810126582279,0.8465189873417721,0.9746835443037974,HLA-E*01:03,50,100,317,373,492,535,616,632
