,recall@50,recall@100,recall@500,recall@1000,recall@5000,recall@10000,recall@100000,HLA,hit@50,hit@100,hit@500,hit@1000,hit@5000,hit@10000,hit@100000,pos_num
0,0.07911392405063292,0.15664556962025317,0.5221518987341772,0.6170886075949367,0.680379746835443,0.7325949367088608,0.939873417721519,HLA-E*01:03,50,99,330,390,430,463,594,632
