,recall@50,recall@100,recall@500,recall@1000,recall@5000,recall@10000,recall@100000,HLA,hit@50,hit@100,hit@500,hit@1000,hit@5000,hit@10000,hit@100000,pos_num
0,0.07911392405063292,0.15822784810126583,0.5363924050632911,0.6455696202531646,0.7927215189873418,0.8512658227848101,0.9762658227848101,HLA-E*01:03,50,100,339,408,501,538,617,632
