,recall@50,recall@100,recall@500,recall@1000,recall@5000,recall@10000,recall@100000,HLA,hit@50,hit@100,hit@500,hit@1000,hit@5000,hit@10000,hit@100000,pos_num
0,0.0189897455374098,0.037599696164071404,0.13976452715533613,0.21002658564375237,0.4994303076338777,0.6672996581845804,0.9586023547284467,HLA-G*01:01,50,99,368,553,1315,1757,2524,2633
