,recall@50,recall@100,recall@500,recall@1000,recall@5000,recall@10000,recall@100000,HLA,hit@50,hit@100,hit@500,hit@1000,hit@5000,hit@10000,hit@100000,pos_num
0,0.0186099506266616,0.0372199012533232,0.15229775921002658,0.24041017850360805,0.5605772882643373,0.738321306494493,0.9764527155336119,HLA-G*01:01,49,98,401,633,1476,1944,2571,2633
