,recall@50,recall@100,recall@500,recall@1000,recall@5000,recall@10000,recall@100000,HLA,hit@50,hit@100,hit@500,hit@1000,hit@5000,hit@10000,hit@100000,pos_num
0,0.0,0.0,0.008620689655172414,0.0603448275862069,0.25,0.4224137931034483,0.9051724137931034,HLA-A*36:01,0,0,1,7,29,49,105,116
1,0.0,0.0,0.0,0.0,0.0,0.16666666666666666,1.0,HLA-C*04:03,0,0,0,0,0,1,6,6
2,0.0,0.0,0.1,0.1,0.2,0.2,1.0,HLA-B*13:01,0,0,1,1,2,2,10,10
3,0.0,0.08333333333333333,0.08333333333333333,0.16666666666666666,0.5,0.6666666666666666,1.0,HLA-A*11:02,0,1,1,2,6,8,12,12
4,0.0,0.0,0.018867924528301886,0.018867924528301886,0.05660377358490566,0.22641509433962265,0.9811320754716981,HLA-A*34:02,0,0,1,1,3,12,52,53
5,0.0,0.0,0.0,0.1,0.2,0.3,0.8,HLA-B*15:10,0,0,0,1,2,3,8,10
6,0.0,0.0,0.0,0.0,0.4,0.6,1.0,HLA-C*14:03,0,0,0,0,8,12,20,20
7,0.0,0.0,0.16666666666666666,0.3333333333333333,0.5,0.5,1.0,HLA-B*35:07,0,0,1,2,3,3,6,6
8,0.0,0.0,0.0,0.0,0.4444444444444444,0.6666666666666666,1.0,HLA-B*38:02,0,0,0,0,4,6,9,9
9,0.0,0.0,0.0,0.0,0.11538461538461539,0.11538461538461539,0.8076923076923077,HLA-B*42:01,0,0,0,0,3,3,21,26
10,0.0,0.0,0.0,0.0,0.2,0.4,1.0,HLA-C*03:02,0,0,0,0,2,4,10,10
11,0.0,0.0,0.0,0.03571428571428571,0.2857142857142857,0.5714285714285714,1.0,HLA-A*33:03,0,0,0,1,8,16,28,28
12,0.0,0.0,0.0,0.0,0.1111111111111111,0.2222222222222222,1.0,HLA-A*24:07,0,0,0,0,1,2,9,9
13,0.0,0.05555555555555555,0.1111111111111111,0.1111111111111111,0.2777777777777778,0.5555555555555556,1.0,HLA-A*34:01,0,1,2,2,5,10,18,18
14,0.0,0.0,0.0,0.0,0.07142857142857142,0.21428571428571427,1.0,HLA-A*74:01,0,0,0,0,1,3,14,14
15,0.0,0.0,0.0,0.0,0.16666666666666666,0.16666666666666666,0.6666666666666666,HLA-B*07:04,0,0,0,0,1,1,4,6
16,0.0,0.0,0.1,0.1,0.5,0.6,1.0,HLA-B*40:06,0,0,1,1,5,6,10,10
17,0.0,0.0,0.0,0.0,0.6666666666666666,0.8333333333333334,0.9166666666666666,HLA-B*55:01,0,0,0,0,8,10,11,12
18,0.08333333333333333,0.08333333333333333,0.08333333333333333,0.08333333333333333,0.25,0.5,1.0,HLA-B*58:02,1,1,1,1,3,6,12,12
19,0.0,0.0,0.07142857142857142,0.07142857142857142,0.42857142857142855,0.5,1.0,HLA-C*08:01,0,0,1,1,6,7,14,14
20,0.0,0.0,0.0,0.0,0.4166666666666667,0.5,1.0,HLA-C*12:02,0,0,0,0,5,6,12,12
21,0.0,0.0,0.0,0.07142857142857142,0.35714285714285715,0.5714285714285714,0.8571428571428571,HLA-B*55:02,0,0,0,1,5,8,12,14
