,recall@50,recall@100,recall@500,recall@1000,recall@5000,recall@10000,recall@100000,HLA,hit@50,hit@100,hit@500,hit@1000,hit@5000,hit@10000,hit@100000,pos_num
0,0.01785076758300607,0.03570153516601214,0.1749375223134595,0.34094966083541595,0.879328811138879,0.9460906818993217,0.9810781863620136,HLA-A*33:03,50,100,490,955,2463,2650,2748,2801
