,recall@50,recall@100,recall@500,recall@1000,recall@5000,recall@10000,recall@100000,HLA,hit@50,hit@100,hit@500,hit@1000,hit@5000,hit@10000,hit@100000,pos_num
0,0.015037593984962405,0.03007518796992481,0.14466165413533835,0.27097744360902254,0.7909774436090226,0.9536842105263158,0.9939849624060151,HLA-A*34:02,50,100,481,901,2630,3171,3305,3325
