,recall@50,recall@100,recall@500,recall@1000,recall@5000,recall@10000,recall@100000,HLA,hit@50,hit@100,hit@500,hit@1000,hit@5000,hit@10000,hit@100000,pos_num
0,0.015037593984962405,0.03007518796992481,0.14616541353383458,0.2718796992481203,0.7798496240601503,0.9512781954887218,0.9969924812030075,HLA-A*34:02,50,100,486,904,2593,3163,3315,3325
