,recall@50,recall@100,recall@500,recall@1000,recall@5000,recall@10000,recall@100000,HLA,hit@50,hit@100,hit@500,hit@1000,hit@5000,hit@10000,hit@100000,pos_num
0,0.015037593984962405,0.029473684210526315,0.14015037593984964,0.25353383458646617,0.7509774436090225,0.9443609022556391,0.9930827067669173,HLA-A*34:02,50,98,466,843,2497,3140,3302,3325
