,recall@50,recall@100,recall@500,recall@1000,recall@5000,recall@10000,recall@100000,HLA,hit@50,hit@100,hit@500,hit@1000,hit@5000,hit@10000,hit@100000,pos_num
0,0.019004180919802355,0.037628278221208664,0.18434055492208287,0.34625617635879896,0.9186621056632459,0.98365640440897,0.9992398327632079,HLA-A*11:02,50,99,485,911,2417,2588,2629,2631
