,recall@50,recall@100,recall@500,recall@1000,recall@5000,recall@10000,recall@100000,HLA,hit@50,hit@100,hit@500,hit@1000,hit@5000,hit@10000,hit@100000,pos_num
0,0.01785076758300607,0.035344519814352014,0.1717243841485184,0.3238129239557301,0.8314887540164227,0.9150303463048911,0.9860764012852553,HLA-A*33:03,50,99,481,907,2329,2563,2762,2801
