,recall@50,recall@100,recall@500,recall@1000,recall@5000,recall@10000,recall@100000,HLA,hit@50,hit@100,hit@500,hit@1000,hit@5000,hit@10000,hit@100000,pos_num
0,0.014736842105263158,0.02917293233082707,0.14015037593984964,0.25593984962406013,0.751578947368421,0.9446616541353383,0.9906766917293233,HLA-A*34:02,49,97,466,851,2499,3141,3294,3325
