,recall@50,recall@100,recall@500,recall@1000,recall@5000,recall@10000,recall@100000,HLA,hit@50,hit@100,hit@500,hit@1000,hit@5000,hit@10000,hit@100000,pos_num
0,0.015072285450630576,0.030452168563518917,0.15164564749307904,0.2989849277145494,0.9255613657336205,0.9790833589664718,0.9984620116887112,HLA-B*42:01,49,99,493,972,3009,3183,3246,3251
