,recall@50,recall@100,recall@500,recall@1000,recall@5000,recall@10000,recall@100000,HLA,hit@50,hit@100,hit@500,hit@1000,hit@5000,hit@10000,hit@100000,pos_num
0,0.015379883112888341,0.030759766225776683,0.15256844047985235,0.296831744078745,0.918179021839434,0.9812365426022762,0.9987696093509689,HLA-B*42:01,50,100,496,965,2985,3190,3247,3251
