,recall@50,recall@100,recall@500,recall@1000,recall@5000,recall@10000,recall@100000,HLA,hit@50,hit@100,hit@500,hit@1000,hit@5000,hit@10000,hit@100000,pos_num
0,0.015379883112888341,0.030759766225776683,0.1519532451553368,0.2986773300522916,0.9249461704091049,0.9821593355890496,0.9984620116887112,HLA-B*42:01,50,100,494,971,3007,3193,3246,3251
