,recall@50,recall@100,recall@500,recall@1000,recall@5000,recall@10000,recall@100000,HLA,hit@50,hit@100,hit@500,hit@1000,hit@5000,hit@10000,hit@100000,pos_num
0,0.015379883112888341,0.030759766225776683,0.15287603814211012,0.30298369732390035,0.9363272839126423,0.9753921870193787,0.994770839741618,HLA-B*42:01,50,100,497,985,3044,3171,3234,3251
