,recall@50,recall@100,recall@500,recall@1000,recall@5000,recall@10000,recall@100000,HLA,hit@50,hit@100,hit@500,hit@1000,hit@5000,hit@10000,hit@100000,pos_num
0,0.014736842105263158,0.029473684210526315,0.14105263157894737,0.26285714285714284,0.7648120300751879,0.9497744360902256,0.9936842105263158,HLA-A*34:02,49,98,469,874,2543,3158,3304,3325
