,recall@50,recall@100,recall@500,recall@1000,recall@5000,recall@10000,recall@100000,HLA,hit@50,hit@100,hit@500,hit@1000,hit@5000,hit@10000,hit@100000,pos_num
0,0.019004180919802355,0.037628278221208664,0.185480805777271,0.35271759787153173,0.9327251995438997,0.984036488027366,0.9954389965792474,HLA-A*11:02,50,99,488,928,2454,2589,2619,2631
