,recall@50,recall@100,recall@500,recall@1000,recall@5000,recall@10000,recall@100000,HLA,hit@50,hit@100,hit@500,hit@1000,hit@5000,hit@10000,hit@100000,pos_num
0,0.019004180919802355,0.03800836183960471,0.18320030406689472,0.3413150893196503,0.919802356518434,0.9874572405929305,0.9992398327632079,HLA-A*11:02,50,100,482,898,2420,2598,2629,2631
