,recall@50,recall@100,recall@500,recall@1000,recall@5000,recall@10000,recall@100000,HLA,hit@50,hit@100,hit@500,hit@1000,hit@5000,hit@10000,hit@100000,pos_num
0,0.015037593984962405,0.029774436090225564,0.14526315789473684,0.2646616541353383,0.7813533834586466,0.955187969924812,0.9951879699248121,HLA-A*34:02,50,99,483,880,2598,3176,3309,3325
