,recall@50,recall@100,recall@500,recall@1000,recall@5000,recall@10000,recall@100000,HLA,hit@50,hit@100,hit@500,hit@1000,hit@5000,hit@10000,hit@100000,pos_num
0,0.019004180919802355,0.03800836183960471,0.18700114025085518,0.35765868491068037,0.9346256176358799,0.9859369061193463,0.9988597491448119,HLA-A*11:02,50,100,492,941,2459,2594,2628,2631
