,recall@50,recall@100,recall@500,recall@1000,recall@5000,recall@10000,recall@100000,HLA,hit@50,hit@100,hit@500,hit@1000,hit@5000,hit@10000,hit@100000,pos_num
0,0.015037593984962405,0.029774436090225564,0.1455639097744361,0.2736842105263158,0.7867669172932331,0.9491729323308271,0.9900751879699248,HLA-A*34:02,50,99,484,910,2616,3156,3292,3325
