,recall@50,recall@100,recall@500,recall@1000,recall@5000,recall@10000,recall@100000,HLA,hit@50,hit@100,hit@500,hit@1000,hit@5000,hit@10000,hit@100000,pos_num
0,0.019004180919802355,0.037628278221208664,0.1862409730140631,0.35195743063473967,0.9239832763207906,0.9866970733561383,0.9992398327632079,HLA-A*11:02,50,99,490,926,2431,2596,2629,2631
