,recall@50,recall@100,recall@500,recall@1000,recall@5000,recall@10000,recall@100000,HLA,hit@50,hit@100,hit@500,hit@1000,hit@5000,hit@10000,hit@100000,pos_num
0,0.019004180919802355,0.03800836183960471,0.18662105663245915,0.3580387685290764,0.9372862029646523,0.9866970733561383,0.9980995819080197,HLA-A*11:02,50,100,491,942,2466,2596,2626,2631
