,recall@50,recall@100,recall@500,recall@1000,recall@5000,recall@10000,recall@100000,HLA,hit@50,hit@100,hit@500,hit@1000,hit@5000,hit@10000,hit@100000,pos_num
0,0.015037593984962405,0.03007518796992481,0.14045112781954888,0.25353383458646617,0.7606015037593985,0.9215037593984963,0.9789473684210527,HLA-A*34:02,50,100,467,843,2529,3064,3255,3325
