,recall@50,recall@100,recall@500,recall@1000,recall@5000,recall@10000,recall@100000,HLA,hit@50,hit@100,hit@500,hit@1000,hit@5000,hit@10000,hit@100000,pos_num
0,0.01862409730140631,0.037628278221208664,0.18434055492208287,0.347016343595591,0.927784112504751,0.9866970733561383,0.9992398327632079,HLA-A*11:02,49,99,485,913,2441,2596,2629,2631
