,recall@50,recall@100,recall@500,recall@1000,recall@5000,recall@10000,recall@100000,HLA,hit@50,hit@100,hit@500,hit@1000,hit@5000,hit@10000,hit@100000,pos_num
0,0.014736842105263158,0.029774436090225564,0.14135338345864662,0.2556390977443609,0.76,0.9500751879699249,0.9951879699248121,HLA-A*34:02,49,99,470,850,2527,3159,3309,3325
