,recall@50,recall@100,recall@500,recall@1000,recall@5000,recall@10000,recall@100000,HLA,hit@50,hit@100,hit@500,hit@1000,hit@5000,hit@10000,hit@100000,pos_num
0,0.01785076758300607,0.035344519814352014,0.17565155301677973,0.32988218493395216,0.8482684755444484,0.9450196358443413,0.9967868618350589,HLA-A*33:03,50,99,492,924,2376,2647,2792,2801
