,recall@50,recall@100,recall@500,recall@1000,recall@5000,recall@10000,recall@100000,HLA,hit@50,hit@100,hit@500,hit@1000,hit@5000,hit@10000,hit@100000,pos_num
0,0.01785076758300607,0.03570153516601214,0.16815423063191717,0.30774723313102464,0.8136379864334167,0.9360942520528382,0.9957158157800785,HLA-A*33:03,50,100,471,862,2279,2622,2789,2801
