,recall@50,recall@100,recall@500,recall@1000,recall@5000,recall@10000,recall@100000,HLA,hit@50,hit@100,hit@500,hit@1000,hit@5000,hit@10000,hit@100000,pos_num
0,0.01785076758300607,0.035344519814352014,0.17315244555515888,0.332381292395573,0.8568368439842913,0.9128882541949304,0.9775080328454123,HLA-A*33:03,50,99,485,931,2400,2557,2738,2801
