,recall@50,recall@100,recall@500,recall@1000,recall@5000,recall@10000,recall@100000,HLA,hit@50,hit@100,hit@500,hit@1000,hit@5000,hit@10000,hit@100000,pos_num
0,0.015379883112888341,0.030759766225776683,0.15349123346662566,0.3035988926484159,0.935404490925869,0.961857889880037,0.9929252537680714,HLA-B*42:01,50,100,499,987,3041,3127,3228,3251
