,recall@50,recall@100,recall@500,recall@1000,recall@5000,recall@10000,recall@100000,HLA,hit@50,hit@100,hit@500,hit@1000,hit@5000,hit@10000,hit@100000,pos_num
0,0.015037593984962405,0.029774436090225564,0.13864661654135338,0.2523308270676692,0.757593984962406,0.946766917293233,0.991578947368421,HLA-A*34:02,50,99,461,839,2519,3148,3297,3325
