,recall@50,recall@100,recall@500,recall@1000,recall@5000,recall@10000,recall@100000,HLA,hit@50,hit@100,hit@500,hit@1000,hit@5000,hit@10000,hit@100000,pos_num
0,0.01785076758300607,0.03570153516601214,0.17600856836843984,0.32988218493395216,0.8521956444127098,0.9485897893609425,0.9975008925383791,HLA-A*33:03,50,100,493,924,2387,2657,2794,2801
